Employee_ID,Name,Department,Age,Salary,Experience_Years
E001,Ryan Davis,Sales,30,107545,17
E002,John Lopez,HR,43,59197,9
E003,James Taylor,HR,38,87509,14
E004,Lisa Wilson,HR,34,106698,22
E005,Laura Davis,HR,31,96542,2
E006,Michelle Lopez,Marketing,44,82087,17
E007,Stephanie Brown,IT,30,80671,8
E008,Andrew Harris,HR,49,81184,6
E009,Sarah Smith,Finance,42,81848,4
E010,Michael Anderson,Marketing,46,105107,13
E011,Lisa Robinson,HR,34,87666,17
E012,Elizabeth Smith,Finance,34,114357,20
E013,Stephanie Anderson,HR,47,71708,6
E014,Kevin Young,IT,44,91370,15
E015,Kevin Walker,Marketing,27,105811,6
E016,Amanda Taylor,IT,31,68811,16
E017,Matthew Hall,Marketing,47,115011,18
E018,James Smith,HR,26,71546,15
E019,Brian Martinez,HR,45,105754,21
E020,Kevin Harris,Marketing,44,86206,6
E021,Robert Thomas,Finance,25,104106,13
E022,David Anderson,Finance,47,78411,17
E023,Brian Rodriguez,HR,35,69911,17
E024,Emily Brown,HR,29,73734,22
E025,Christopher Davis,IT,25,76227,8
E026,Jennifer Lee,HR,44,63680,5
E027,Elizabeth Thomas,Marketing,24,71360,2
E028,Sarah Lopez,Finance,35,74343,6
E029,Matthew Walker,Finance,49,66759,11
E030,Emily White,IT,45,79078,6
E031,Michael Walker,Finance,35,90153,5
E032,Maria Young,Finance,48,64111,3
E033,Elizabeth Lee,Sales,40,108504,21
E034,Andrew Anderson,Marketing,33,62802,11
E035,Kevin Brown,Sales,39,78155,20
E036,Sarah King,Finance,38,60120,2
E037,Lisa Hill,IT,38,95384,6
E038,Maria Brown,IT,42,111025,14
E039,Lisa Davis,Finance,35,102254,5
E040,Christopher Thomas,HR,46,88918,17
E041,Matthew Young,Sales,43,87445,17
E042,Jennifer Martinez,Finance,48,83306,3
E043,Jennifer Lee,IT,26,84646,18
E044,Daniel King,IT,28,117843,21
E045,James Wright,Sales,42,94065,13
E046,Michelle Young,Marketing,30,94199,19
E047,Michael Allen,Finance,44,95976,4
E048,Ryan Martinez,Finance,32,68371,2
E049,Stephanie Lopez,Marketing,30,63835,2
E050,Lisa Martinez,Sales,41,115936,20
E051,Matthew White,Sales,27,64049,12
E052,James Young,IT,48,87616,6
E053,Kevin Walker,Marketing,37,101191,13
E054,Lisa King,Sales,41,101357,4
E055,Robert Hill,HR,49,72932,2
E056,Brian Johnson,Finance,32,81855,2
E057,Lisa Johnson,IT,49,66158,9
E058,Robert White,Marketing,44,104016,11
E059,James Brown,IT,25,69400,12
E060,Daniel Hall,Sales,43,105642,13
E061,Kevin Rodriguez,Sales,38,79151,14
E062,Daniel Young,HR,30,64154,13
E063,Ashley White,Finance,35,69499,15
E064,Ryan Clark,Marketing,31,59295,3
E065,David Thomas,IT,38,82183,20
E066,David Taylor,Finance,26,98299,19
E067,Laura Walker,Sales,37,66874,4
E068,Stephanie Thomas,Finance,40,100711,18
E069,Laura Hall,IT,27,64539,9
E070,Amanda Hall,Finance,41,103405,11
E071,Christopher Lee,Sales,31,101354,3
E072,Lisa Wilson,Finance,27,72557,20
E073,Joshua Lewis,Marketing,25,98360,10
E074,Michael Hill,Finance,29,74482,8
E075,Sarah Davis,Marketing,45,57200,5
E076,David Young,Finance,33,118940,22
E077,Jessica King,Sales,27,71961,19
E078,Amanda Allen,HR,45,110975,14
E079,Michael White,HR,41,83357,12
E080,Christopher Allen,Marketing,49,66969,5
E081,Matthew Robinson,Marketing,35,74869,22
E082,James Walker,HR,25,101760,5
E083,John King,Sales,33,89643,11
E084,Laura Davis,Sales,27,80736,6
E085,Michelle Walker,Finance,37,98467,10
E086,Brian Thomas,Marketing,39,77328,4
E087,Brian Young,Sales,38,93876,18
E088,Robert Davis,IT,31,75295,4
E089,Maria Harris,Finance,37,70987,17
E090,Jessica Clark,Finance,46,77399,5
E091,John Lopez,HR,48,115214,19
E092,Laura Thomas,Marketing,31,101986,18
E093,Joshua Hill,Sales,44,78880,8
E094,Jessica Robinson,Sales,39,60735,6
E095,Emily Young,Finance,36,107064,13
E096,Maria Young,Marketing,41,72555,18
E097,Joshua Allen,Marketing,38,105914,14
E098,Daniel Wilson,Marketing,44,94818,4
E099,Jennifer Hill,HR,47,105525,10
E100,Jessica Walker,Sales,49,87830,18
E101,Brian Robinson,Marketing,48,85429,18
E102,John Allen,HR,36,77893,21
E103,Robert Lewis,IT,32,81373,17
E104,John Davis,Finance,38,111333,14
E105,Jennifer Garcia,Sales,36,73436,20
E106,Lisa Johnson,Sales,24,76754,18
E107,Lisa Hall,Finance,48,65677,5
E108,Michael Brown,IT,30,68895,13
E109,Laura Lewis,HR,32,79738,10
E110,Michael Hill,Finance,47,100746,20
E111,Stephanie Hill,HR,24,112377,13
E112,David Wilson,HR,35,108404,10
E113,Michelle Lewis,HR,31,90352,8
E114,Stephanie Martinez,IT,47,104790,15
E115,James Robinson,IT,34,112919,21
E116,Elizabeth Harris,HR,42,75600,20
E117,Daniel Walker,Marketing,40,95124,16
E118,Brian Lopez,Sales,31,94643,17
E119,Kevin Anderson,IT,26,112764,22
E120,Kevin Garcia,Marketing,26,65007,6
E121,Christopher King,Marketing,24,99714,4
E122,Ryan Lee,Sales,28,100410,13
E123,Matthew Robinson,HR,33,115080,21
E124,Matthew Davis,Marketing,30,112447,22
E125,Lisa Taylor,Marketing,49,63208,5
E126,Michael Rodriguez,Marketing,32,90589,22
E127,John Hall,HR,30,110484,17
E128,Stephanie Taylor,HR,32,75453,8
E129,Andrew Taylor,IT,31,100212,14
E130,John Brown,IT,35,115525,22
E131,Kevin Young,Marketing,25,108202,11
E132,Sarah Taylor,HR,24,90635,8
E133,Michael Johnson,HR,39,98828,15
E134,Robert Brown,Sales,46,74711,6
E135,Joshua Taylor,Marketing,46,57420,4
E136,James King,IT,47,93216,12
E137,Ashley Anderson,Sales,28,62301,12
E138,Stephanie Wilson,HR,26,114236,19
E139,Laura Hall,IT,35,115758,16
E140,Andrew Lewis,Marketing,31,63699,13
E141,Lisa Lewis,HR,45,60190,10
E142,Amanda Anderson,Marketing,26,71492,11
E143,Emily Davis,Sales,24,98743,13
E144,Michelle Harris,Sales,26,74102,18
E145,Jennifer Harris,Sales,28,76778,7
E146,Amanda Clark,Finance,38,84641,8
E147,Laura Johnson,Marketing,37,99584,15
E148,Michelle Young,Sales,26,96745,14
E149,Ryan Davis,Sales,24,82093,9
E150,Sarah White,Marketing,28,61569,11
E151,Laura Rodriguez,Sales,49,98210,10
E152,Emily Taylor,Marketing,46,103663,19
E153,Daniel Anderson,HR,37,89631,3
E154,Stephanie Clark,Marketing,30,101681,6
E155,David Harris,Marketing,32,63455,6
E156,Jessica Thomas,Finance,38,61014,7
E157,Matthew Taylor,HR,38,81093,20
E158,Michael Clark,Finance,49,77070,9
E159,Stephanie Davis,Sales,33,102777,17
E160,Sarah Young,Marketing,36,80538,14
E161,Stephanie Smith,HR,42,62729,2
E162,Michael Hill,Finance,30,105177,21
E163,Lisa Martinez,Marketing,40,113017,18
E164,Amanda Lewis,IT,43,58784,8
E165,Ashley Anderson,Finance,27,91751,14
E166,Christopher Johnson,HR,28,95864,5
E167,Jessica White,Finance,46,95328,5
E168,John White,Finance,30,69533,7
E169,James Clark,Finance,36,110111,20
E170,Maria Harris,Sales,38,102974,13
E171,Kevin Lopez,IT,34,63801,8
E172,Stephanie King,HR,27,80190,11
E173,Kevin Lewis,HR,36,119689,20
E174,David Anderson,HR,30,96754,8
E175,Maria Anderson,Marketing,42,83592,4
E176,Sarah Hall,HR,45,74647,14
E177,Laura Walker,HR,25,72716,14
E178,Sarah Lopez,IT,33,92355,19
E179,Robert Johnson,Marketing,36,93009,21
E180,Sarah Hall,Marketing,48,83376,9
E181,Ashley Robinson,Finance,44,105091,10
E182,Joshua Martinez,Sales,29,62780,8
E183,Sarah Robinson,Marketing,35,54368,2
E184,Michael Martinez,Marketing,35,66039,4
E185,Michael Allen,IT,43,70655,14
E186,Michael King,HR,34,108941,18
E187,Lisa White,Marketing,49,56495,2
E188,Emily Hall,Marketing,46,67893,7
E189,Lisa Hall,Sales,48,97547,22
E190,Elizabeth Johnson,IT,30,79386,7
E191,Elizabeth Brown,Sales,24,76403,13
E192,Amanda King,Marketing,24,96097,14
E193,Andrew Hall,Marketing,48,77121,14
E194,Joshua Rodriguez,IT,48,76966,16
E195,James Anderson,Finance,43,105621,22
E196,Michelle Wright,Finance,36,95312,17
E197,Robert Taylor,Marketing,32,121726,22
E198,James White,Marketing,26,84677,12
E199,David King,Sales,30,87289,6
E200,Ryan Garcia,Sales,29,86024,5
E201,Matthew Rodriguez,Sales,31,96675,4
E202,Brian Brown,HR,32,74777,20
E203,John Clark,Marketing,28,100749,21
E204,Elizabeth Hall,HR,24,84338,19
E205,Emily Brown,Finance,42,68491,16
E206,Stephanie Anderson,Marketing,33,87236,10
E207,Joshua Thomas,Marketing,35,116096,18
E208,David Lee,IT,47,79599,15
E209,Michael Taylor,Marketing,38,85508,16
E210,Jennifer Garcia,Finance,45,55051,2
E211,Jessica Clark,Marketing,47,120747,22
E212,Stephanie Wright,HR,32,103156,4
E213,Maria Allen,Marketing,43,88606,17
E214,Ryan Robinson,HR,40,83699,12
E215,John King,Sales,40,63876,13
E216,Stephanie Garcia,Sales,49,93093,11
E217,Michelle Davis,IT,43,71142,17
E218,David Thomas,Marketing,35,74202,9
E219,Emily Davis,Sales,30,96734,7
E220,Laura Walker,Sales,25,70079,13
E221,David Thomas,IT,26,79987,22
E222,Maria Allen,IT,40,98567,9
E223,Daniel Wright,Marketing,28,83940,5
E224,Robert Anderson,HR,40,96233,9
E225,Michelle Young,Marketing,47,86019,19
E226,James Robinson,HR,40,102185,6
E227,Ashley Thomas,IT,40,78077,10
E228,Sarah Brown,Finance,25,81258,5
E229,Ryan Harris,Marketing,25,89136,18
E230,James Johnson,Finance,45,68311,10
E231,John Rodriguez,HR,46,69214,2
E232,Brian Wilson,Marketing,28,86098,22
E233,Ryan Thomas,Finance,24,99251,21
E234,Jessica Lopez,Finance,24,101945,14
E235,Matthew Walker,Marketing,42,114030,17
E236,Kevin Harris,Finance,25,89945,14
E237,Stephanie Smith,Marketing,44,90316,15
E238,Emily Brown,Finance,35,86217,4
E239,Kevin Wilson,IT,49,65308,7
E240,Stephanie Johnson,Marketing,29,74949,19
E241,Jennifer Hall,IT,46,71150,20
E242,Stephanie Wilson,Sales,27,79944,6
E243,Amanda Wilson,IT,46,100699,16
E244,Sarah Garcia,Finance,34,62204,3
E245,Jennifer Johnson,HR,47,62081,11
E246,Jennifer Anderson,IT,40,98305,19
E247,Michelle Taylor,IT,29,80896,14
E248,Michelle Davis,IT,47,102175,6
E249,Jennifer Hill,HR,28,59805,2
E250,Stephanie Harris,HR,43,57237,2
